state,district,lat,lng,baseline_risk
A & N Islands,Nicobar,12.3649593,92.9242261,0.0009820770930518046
A & N Islands,North & Middle Andaman,13.2277144,92.9394925,0.01301252148293641
A & N Islands,South Andaman,12.7720659,92.6556293,0.01939602258777314
Andhra Pradesh,Anantapur,14.6783221,77.6065039,0.23373434814632948
Andhra Pradesh,Chittoor,13.325036,79.6480611,0.08986005401424012
Andhra Pradesh,Cuddapah,14.4956602,78.8349278,0.1694082985514363
Andhra Pradesh,East Godavari,16.9956639,81.7154378,0.35305671495212376
Andhra Pradesh,Guntur,16.2915189,80.4541588,0.32531303707341025
Andhra Pradesh,Guntur Urban,16.3152154,80.4367429,0.2145838448318193
Andhra Pradesh,Krishna,16.2135466,81.0277844,0.34053523201571323
Andhra Pradesh,Kurnool,15.8309251,78.0425373,0.422047630739013
Andhra Pradesh,Nellore,14.4493717,79.9873763,0.26098698747851706
Andhra Pradesh,Prakasham,17.0070088,81.7879635,0.22244046157623373
Andhra Pradesh,Rajahmundry,17.0050454,81.7804732,0.10680088386938374
Andhra Pradesh,Srikakulam,18.2949307,83.8938844,0.11293886570095753
Andhra Pradesh,Tirupathi Urban,13.6171182,79.4205237,0.055978394303952864
Andhra Pradesh,Vijayawada City,16.5115306,80.6160469,0.15737785416155167
Andhra Pradesh,Visakha Rural,17.8044271,83.344824,0.08421311072919224
Andhra Pradesh,Visakhapatnam,17.6935526,83.2921297,0.22145838448318192
Andhra Pradesh,Vizianagaram,18.1141255,83.4114389,0.15344954578934447
Andhra Pradesh,West Godavari,16.6443029,81.5885247,0.3815369506506261
Arunachal Pradesh,Anjaw,28.1553856,96.8407212,0.0
Arunachal Pradesh,Changlang,27.2698797,96.0602442,0.005155904738521974
Arunachal Pradesh,Dibang Valley,28.8291044,95.9554096,0.00024551927326295114
Arunachal Pradesh,Kameng East,27.557781,93.0753012,0.0029462312791554137
Arunachal Pradesh,Kameng West,27.2625165,92.4228984,0.0024551927326295114
Arunachal Pradesh,Kurung Kumey,27.9863677,93.1578347,0.0012275963663147557
Arunachal Pradesh,Lohit,28.0350162,96.1713515,0.0105573287503069
Arunachal Pradesh,Longding,26.8794546,95.3155652,0.0
Arunachal Pradesh,Lower Dibang Valley,28.2149563,95.878774,0.0027007120058924624
Arunachal Pradesh,Siang,28.477492,94.8165573,0.0012275963663147557
Arunachal Pradesh,Siang East,28.0580363,95.3322182,0.011539405843358703
Arunachal Pradesh,Siang Upper,29.1113601,95.3809335,0.001718634912840658
Arunachal Pradesh,Siang West,28.4159693,94.6778789,0.007120058924625583
Arunachal Pradesh,Subansiri Lower,27.5385824,93.815392,0.0027007120058924624
Arunachal Pradesh,Subansiri Upper,28.2596054,94.0938106,0.006383501104836729
Arunachal Pradesh,Tawang,27.5879186,91.863733,0.0004910385465259023
Arunachal Pradesh,Tirap,27.030169,95.4979175,0.0024551927326295114
Assam,B. I. E. O.,26.4073841,93.2551303,0.0
Assam,Baksa,26.6275689,91.3388551,0.09182420820034373
Assam,Barpeta,26.345941,91.039708,0.658482690891235
Assam,Biswanath,26.7938596,93.3591936,0.09526147802602504
Assam,Bongaigaon,26.4800126,90.5580387,0.09133316965381783
Assam,C. I. D.,26.4073841,93.2551303,0.00024551927326295114
Assam,Cachar,24.75864,92.8816648,0.24208200343726982
Assam,Chirang,26.6464231,90.624157,0.04959489319911613
Assam,Darrang,26.4373481,92.0047145,0.30370734102627056
Assam,Dhemaji,27.5945155,94.7192098,0.08273999508961453
Assam,Dhubri,26.132275,90.1249962,0.49619445126442424
Assam,Dibrugarh,27.4844597,94.9019447,0.16695310581880676
Assam,Dima Hasao,25.4003625,93.0752292,0.007856616744414437
Assam,Goalpara,26.0491877,90.6001859,0.26908912349619446
Assam,Golaghat,26.5108262,93.9743686,0.16007856616744415
Assam,Guwahati City,26.1805978,91.753943,0.42695801620427204
Assam,Hailakandi,24.6846916,92.5645836,0.16400687453965138
Assam,Hamren,25.8449919,92.5748777,0.014485637122514118
Assam,Hojai,25.9629402,92.981829,0.15197643014976675
Assam,Jorhat,26.7577925,94.2079645,0.17456420328995825
Assam,Kamrup,26.1468861,91.2227397,0.2116376135526639
Assam,Karbi Anglong,26.0712781,93.4552969,0.0422293150012276
Assam,Karimganj,24.5828196,92.3725487,0.1723545298305917
Assam,Kokrajhar,26.4912104,90.1215209,0.1171126933464277
Assam,Lakhimpur,27.1763356,94.1992932,0.18045666584826908
Assam,Majuli,27.0219529,94.327423,0.01080284802356985
Assam,Morigaon,26.2545556,92.3572669,0.2054996317210901
Assam,Nagaon,26.3313646,92.7524763,0.3648416400687454
Assam,Nalbari,26.3533632,91.3983662,0.09157868892708078
Assam,R. P. O.,26.4073841,93.2551303,0.006137981831573778
Assam,S. T. F.,26.4073841,93.2551303,0.0
Assam,Sadia,27.4879722,95.3601855,0.008347655290940338
Assam,Sibsagar,26.9834936,94.6394226,0.2256322121286521
Assam,Sonitpur,26.7677707,92.7014089,0.18315737785416156
Assam,South Salmara,25.9056914,89.9918057,0.11146575006137982
Assam,Tinsukia,27.4879722,95.3601855,0.08175791799656273
Assam,Udalguri,26.7047238,92.0421507,0.047876258286275473
Bihar,Araria,26.1346459,87.4654062,0.056469432850478764
Bihar,Arwal,25.1812832,84.6596648,0.03019887061134299
Bihar,Aurangabad,24.8033201,84.4110198,0.06653572305425975
Bihar,Bagaha,27.0590112,84.2064638,0.04051068008838694
Bihar,Banka,24.8328273,86.8161114,0.057451509943530564
Bihar,Begusarai,25.5125411,86.0883392,0.08273999508961453
Bihar,Bettiah,26.8023,84.5074,0.10336361404370244
Bihar,Bhabhua,24.975466,83.5768379,0.05155904738521974
Bihar,Bhagalpur,25.2861354,87.1304229,0.09747115148539161
Bihar,Bhojpur,25.4501182,84.5635193,0.07193714706604469
Bihar,Buxar,25.5044834,84.1097525,0.05254112447827154
Bihar,Darbhanga,26.0829899,86.0324951,0.12447827154431623
Bihar,Gaya,24.7964355,85.0079563,0.17480972256322122
Bihar,Gopalganj,26.4211166,84.3739133,0.08863245764792536
Bihar,Jamui,24.7562514,86.3011128,0.0427203535477535
Bihar,Jehanabad,25.1529579,85.0065043,0.04075619936164989
Bihar,Katihar,25.5586421,87.6457196,0.0964890743923398
Bihar,Khagaria,25.4930513,86.6982264,0.05573287503068991
Bihar,Kishanganj,26.2984144,87.9466715,0.0638350110483673
Bihar,Lakhisarai,25.1543938,86.1744959,0.03756444880923152
Bihar,Madhepura,25.7806118,86.9364753,0.038301006629020376
Bihar,Madhubani,26.3503076,86.2296424,0.12226859808494966
Bihar,Motihari,26.6506888,84.9114654,0.13945494721335625
Bihar,Munger,25.2202864,86.5161484,0.027252639332187578
Bihar,Muzaffarpur,26.1482548,85.3316097,0.19371470660446846
Bihar,Nalanda,25.1364914,85.4436546,0.13356248465504542
Bihar,Naugachia,25.3857731,87.0997616,0.026761600785661675
Bihar,Nawadah,24.8858896,85.5481255,0.06457156886815615
Bihar,Patna,25.6093239,85.1235252,0.40829855143628774
Bihar,Purnea,25.7773601,87.4731227,0.06604468450773386
Bihar,Rohtas,24.9394143,84.0197031,0.06358949177510434
Bihar,Saharsa,25.8330757,86.6143751,0.0427203535477535
Bihar,Samastipur,25.7747885,85.8672314,0.09943530567149521
Bihar,Saran,25.9214451,84.7759731,0.12791554136999755
Bihar,Sheikhpura,25.1250741,85.8160771,0.02774367787871348
Bihar,Sheohar,26.4934234,85.2717561,0.014240117849251166
Bihar,Sitamarhi,26.5942841,85.500428,0.10410017186349128
Bihar,Siwan,26.131008,84.3910745,0.08494966854898109
Bihar,Supaul,26.2768089,86.7959614,0.0633439725018414
Bihar,Vaishali,25.7491703,85.3972164,0.11490301988706113
Chandigarh,Chandigarh,30.7334421,76.7797143,0.11367542352074637
Chhattisgarh,Balod,20.7277192,81.1446948,0.03461821753007611
Chhattisgarh,Balrampur,23.6282576,83.4810916,0.05033145101890498
Chhattisgarh,Bemetra,21.6783867,81.4412578,0.028725754971765282
Chhattisgarh,Bilaspur,22.1638486,82.1365923,0.12644242573041983
Chhattisgarh,Bizapur,18.7935679,80.815939,0.007120058924625583
Chhattisgarh,Dantewara,18.9080594,81.3557636,0.007365578197888534
Chhattisgarh,Dhamtari,20.5326259,81.7155987,0.024060888779769214
Chhattisgarh,Durg,21.1982964,81.4007922,0.1436287748588264
Chhattisgarh,Gariyaband,20.5267561,82.1917217,0.026761600785661675
Chhattisgarh,Jagdalpur,19.0870758,82.0235715,0.037809968082494476
Chhattisgarh,Janjgir,22.0090841,82.578896,0.08028480235698503
Chhattisgarh,Jashpur,22.770251,83.9708013,0.050085931745642034
Chhattisgarh,Kabirdham,22.1150085,81.2446944,0.03879204517554628
Chhattisgarh,Kanker,20.2692747,81.4932111,0.037318929535968576
Chhattisgarh,Kondagaon,19.5885769,81.6628742,0.01988706113429904
Chhattisgarh,Korba,22.5198217,82.6350029,0.056960471397004664
Chhattisgarh,Koriya,23.476254,82.4776374,0.056960471397004664
Chhattisgarh,Mahasamund,21.1922846,82.4890263,0.04713970046648662
Chhattisgarh,Mungali,22.0661098,81.6874282,0.02995335133808004
Chhattisgarh,Narayanpur,19.5842032,81.1136986,0.0031917505524183647
Chhattisgarh,Raigarh,22.2361795,83.3529534,0.09010557328750307
Chhattisgarh,Raipur,21.2380912,81.6336993,0.17775595384237663
Chhattisgarh,Rajnandgaon,21.0684425,80.7970779,0.060888779769211886
Chhattisgarh,Sarguja,22.9470108,83.1656868,0.044193469187331205
Chhattisgarh,Sukma,18.2665423,81.2925234,0.004173827645470169
Chhattisgarh,Surajpur,23.3577769,82.9761277,0.05155904738521974
D&N Haveli,D&N Haveli,20.2733946,73.0044983,0.006137981831573778
Daman & Diu,Daman,20.4169701,72.833173,0.005401424011784925
Daman & Diu,Diu,20.7260366,70.9843583,0.0014731156395777069
Delhi Ut,Central,22.5724857,88.3587427,0.17554628038301007
Delhi Ut,East,12.8504319,77.6601401,0.4728701203044439
Delhi Ut,New Delhi,28.6138954,77.2090057,0.027989197151976432
Delhi Ut,North,10.5276682,79.5078054,0.12693346427694574
Delhi Ut,North-East,26.1144181,91.8053225,0.44095261478026027
Delhi Ut,North-West,13.0222347,77.5671832,0.32629511416646206
Delhi Ut,Outer,28.7603404,77.0362476,0.5607660201325804
Delhi Ut,South,28.4992605,77.1743624,0.6658482690891235
Delhi Ut,South-East,28.5591636,77.2402846,0.4274490547507979
Delhi Ut,South-West,5.3116321,100.2656047,0.43358703658237174
Delhi Ut,West,28.6409705,77.0949778,0.47925362140928063
Goa,C. I. D.,15.3004543,74.0855134,0.003437269825681316
Goa,North Goa,15.6038925,73.9967006,0.048367296832801374
Goa,South Goa,15.3376121,73.9937035,0.037809968082494476
Gujarat,Ahmedabad City,23.0215374,72.5800568,0.26172354529830594
Gujarat,Ahmedabad Rural,22.5809103,72.9784557,0.028725754971765282
Gujarat,Amreli,21.4176122,71.249609,0.0542597593911122
Gujarat,Anand,22.4739858,72.7361779,0.06506260741468205
Gujarat,Arvalli,23.4843216,73.3986096,0.027498158605450528
Gujarat,Banaskantha,24.2693869,72.5367513,0.09084213110729192
Gujarat,Bharuch,21.7080427,72.9956936,0.0422293150012276
Gujarat,Bhavnagar,21.7718836,72.1416449,0.04763073901301252
Gujarat,Botad,22.0467097,71.6689617,0.01767738767493248
Gujarat,Chhotaudepur,22.2224345,73.7778749,0.012030444389884607
Gujarat,Dahod,22.9194099,74.1342725,0.06162533758900074
Gujarat,Dang,20.7881718,73.7092033,0.00441934691873312
Gujarat,Devbhumi Dwarka,22.2473679,68.9682073,0.018168426221458384
Gujarat,Gandhinagar,23.2232877,72.6492267,0.048367296832801374
Gujarat,Gir Somnath,20.9298181,70.7627578,0.0427203535477535
Gujarat,Jamnagar,22.4732415,70.0552102,0.06211637613552664
Gujarat,Junagadh,21.5220416,70.4582458,0.06702676160078566
Gujarat,Kheda,22.8532503,72.9953586,0.04443898846059416
Gujarat,Mahisagar,23.1912194,73.6644398,0.020623618954087895
Gujarat,Mehsana,23.6012628,72.3741516,0.07905720599067027
Gujarat,Morbi,22.8003959,70.886232,0.025534004419346917
Gujarat,Narmada,21.7392624,73.6262458,0.006874539651362632
Gujarat,Navsari,20.952407,72.9323831,0.0211146575006138
Gujarat,Panchmahal,22.6978099,73.5980682,0.037318929535968576
Gujarat,Patan,23.773753,71.6798581,0.038301006629020376
Gujarat,Porbandar,21.6505229,69.6565371,0.024797446599558064
Gujarat,Rajkot City,22.3053263,70.8028377,0.08740486128161061
Gujarat,Sabarkantha,23.8688505,73.013784,0.05990670267616008
Gujarat,Surat City,21.2094892,72.8317058,0.12325067517800148
Gujarat,Surat Rural,22.296681,73.2535718,0.02602504296587282
Gujarat,Surendranagar,22.8251395,71.6209736,0.04026516081512399
Gujarat,Tapi,21.1916567,73.5560631,0.015713233488828873
Gujarat,Vadodara City,22.2973142,73.1942567,0.0979621900319175
Gujarat,Vadodara Rural,22.2367253,73.1802481,0.020623618954087895
Gujarat,Valsad,20.4321957,73.1409893,0.038301006629020376
Haryana,Ambala (Urban),12.9186803,77.5482356,0.037809968082494476
Haryana,Bhiwani,28.7931703,76.1391283,0.08863245764792536
Haryana,Faridabad,28.4031478,77.3105561,0.23889025288485147
Haryana,Fatehabad,29.5359209,75.5752901,0.06923643506015222
Haryana,Gurgaon,28.4646148,77.0299194,0.23545298305917015
Haryana,Hissar,29.839171,76.4373052,0.15001227596366315
Haryana,Jhajjar,28.5964461,76.6505366,0.08102136017677387
Haryana,Jind,29.3152073,76.314082,0.07242818561257058
Haryana,Kaithal,29.7996588,76.3989903,0.0758654554382519
Haryana,Karnal,29.7255766,76.9106924,0.1689172600049104
Haryana,Kurukshetra,29.9693747,76.8482787,0.08003928308372207
Haryana,Mahendergarh,28.2726226,76.1493925,0.06923643506015222
Haryana,Mewat,27.9935177,77.0419634,0.07316474343235944
Haryana,Palwal,28.0599426,77.3223422,0.08912349619445127
Haryana,Panchkula,30.6975401,76.8551066,0.060888779769211886
Haryana,Panipat,29.3912753,76.9771675,0.1095015958752762
Haryana,Rewari,28.1956468,76.6165179,0.08151239872329978
Haryana,Rohtak,28.9010899,76.5801935,0.1843849742204763
Haryana,Sirsa,29.6063041,74.9036568,0.08396759145592929
Haryana,Sonipat,28.9953758,77.0233627,0.10483672968328014
Haryana,Yamunanagar,30.1231349,77.286329,0.13528111956788608
Himachal Pradesh,Baddi,30.9763026,76.7674001,0.013749079302725264
Himachal Pradesh,Bilaspur,31.3380959,76.7611631,0.02774367787871348
Himachal Pradesh,C. I. D.,31.9292352,77.1828462,0.0
Himachal Pradesh,Chamba,32.6923316,76.1631552,0.0216056960471397
Himachal Pradesh,Hamirpur,31.6539866,76.5403633,0.019150503314510188
Himachal Pradesh,Kangra,32.0768665,76.2985872,0.056469432850478764
Himachal Pradesh,Kinnaur,31.593013,78.3281417,0.004910385465259023
Himachal Pradesh,Kullu,31.9578974,77.1089232,0.01743186840166953
Himachal Pradesh,Lahaul & Spiti,32.509934,77.0243657,0.0009820770930518046
Himachal Pradesh,Mandi,31.6516617,77.0092542,0.046403142646697766
Himachal Pradesh,Shimla,31.1040393,77.1707923,0.03535477534986496
Himachal Pradesh,Sirmaur,30.6991321,77.4465304,0.031180947704394796
Himachal Pradesh,Solan,30.9077569,77.1023645,0.012767002209673459
Himachal Pradesh,Una,31.5834642,76.2351452,0.028725754971765282
Jammu & Kashmir,Anantnag,33.74611,75.1854475,0.0633439725018414
Jammu & Kashmir,Awantipora,33.91891,75.01465,0.01497667566904002
Jammu & Kashmir,Bandipora,34.4232433,74.635965,0.020869138227350845
Jammu & Kashmir,Baramulla,34.2086903,74.343498,0.04861281610606433
Jammu & Kashmir,Budgam,33.9098746,74.6270357,0.03314510189049841
Jammu & Kashmir,Crime Jammu,34.0714255,74.8032176,0.00024551927326295114
Jammu & Kashmir,Crime Srinagar,34.0714255,74.8032176,0.0
Jammu & Kashmir,Doda,33.1341373,75.587915,0.01718634912840658
Jammu & Kashmir,Ganderbal,34.2889322,75.0407983,0.024306408053032164
Jammu & Kashmir,Handwara,34.3993139,74.2827396,0.025534004419346917
Jammu & Kashmir,Jammu,32.7185614,74.8580917,0.12079548244537196
Jammu & Kashmir,Kargil,32.7045476,74.871206,0.0012275963663147557
Jammu & Kashmir,Kathua,32.3765524,75.5243044,0.037318929535968576
Jammu & Kashmir,Kishtwar,33.61562,75.8793972,0.009575251657255094
Jammu & Kashmir,Kulgam,33.6446899,75.0188432,0.04296587282101645
Jammu & Kashmir,Kupwara,34.5140696,74.191367,0.036091333169653815
Jammu & Kashmir,Leh,34.0861163,74.8233795,0.001718634912840658
Jammu & Kashmir,Poonch,33.7670004,74.0957143,0.02136017677387675
Jammu & Kashmir,Pulwama,33.9490472,75.0418335,0.018904984041247238
Jammu & Kashmir,Rajouri,33.3772495,74.3132332,0.051068008838693835
Jammu & Kashmir,Ramban,33.2116371,75.2050989,0.018168426221458384
Jammu & Kashmir,Reasi,33.0691032,74.8378698,0.018659464767984288
Jammu & Kashmir,Samba,32.5759118,75.1203446,0.010311809477043948
Jammu & Kashmir,Shopian,33.718807,74.8333311,0.020378099680824945
Jammu & Kashmir,Sopore,34.2850498,74.4639353,0.031180947704394796
Jammu & Kashmir,Srinagar,34.0747444,74.8204443,0.1161306162533759
Jammu & Kashmir,Udhampur,32.9219726,75.1331482,0.02136017677387675
Jharkhand,Bokaro,23.6991279,85.9910689,0.12128652099189786
Jharkhand,Chaibasa,22.5483518,85.8188876,0.042474834274490544
Jharkhand,Chatra,24.1062316,84.8623379,0.045912104100171866
Jharkhand,Deoghar,24.4898318,86.6990182,0.13724527375398968
Jharkhand,Dhanbad,23.7952809,86.4309638,0.09575251657255095
Jharkhand,Dumka,24.2677937,87.2485495,0.04959489319911613
Jharkhand,Garhwa,24.053577,83.6526818,0.06629020378099681
Jharkhand,Giridih,24.3314546,86.1548117,0.16547999017922907
Jharkhand,Godda,24.8645886,87.2984838,0.05205008593174564
Jharkhand,Gumla,23.1603759,84.4599565,0.03928308372207218
Jharkhand,Hazaribagh,24.0866962,85.4912231,0.10336361404370244
Jharkhand,Jamshedpur,22.8015194,86.2029579,0.13945494721335625
Jharkhand,Jamtara,23.9801639,86.9243637,0.050085931745642034
Jharkhand,Khunti,22.9281801,85.2814475,0.010311809477043948
Jharkhand,Koderma,24.4931239,85.5560811,0.03584581389639087
Jharkhand,Latehar,23.6880057,84.4969551,0.035109256076602015
Jharkhand,Lohardagga,23.4770044,84.6986684,0.029462312791554136
Jharkhand,Pakur,24.5325908,87.593232,0.06506260741468205
Jharkhand,Palamu,24.2212983,84.1725565,0.06211637613552664
Jharkhand,Ramgarh,23.693479,85.5215989,0.056960471397004664
Jharkhand,Ranchi,23.3700501,85.3250387,0.06702676160078566
Jharkhand,Sahebganj,25.0320437,87.691764,0.065308126687945
Jharkhand,Saraikela,22.7464225,85.9168929,0.04517554628038301
Jharkhand,Simdega,22.5904573,84.5464805,0.01497667566904002
Karnataka,Bagalkot,16.1793224,75.6999315,0.06236189540878959
Karnataka,Ballari,15.3483166,76.8054883,0.07512889761846304
Karnataka,Belagavi City,15.8572666,74.5069343,0.04934937392585318
Karnataka,Belagavi District,16.1587846,74.888862,0.10434569113675424
Karnataka,Bengaluru City,13.0222347,77.5671832,0.7559538423766266
Karnataka,Bengaluru District,13.0222347,77.5671832,0.10459121041001719
Karnataka,Bidar,18.0207297,77.2487204,0.0748833783452001
Karnataka,Chamarajnagar,11.8073312,76.6923569,0.03658237171617972
Karnataka,Chikkaballapura,13.5897941,77.778793,0.04026516081512399
Karnataka,Chikkamagaluru,13.4058699,75.638758,0.08028480235698503
Karnataka,Chitradurga,14.3049174,76.5296667,0.10680088386938374
Karnataka,Dakshina Kannada,12.8226434,75.2265036,0.04443898846059416
Karnataka,Davanagere,14.2558835,75.8303421,0.0945249202062362
Karnataka,Dharwad,15.3707296,75.1332867,0.02332433095998036
Karnataka,Gadag,15.416692,75.6815801,0.020869138227350845
Karnataka,Hassan,13.0301852,76.1744968,0.09133316965381783
Karnataka,Haveri,14.7180268,75.3656423,0.03314510189049841
Karnataka,K.G.F.,13.0812545,78.3588533,0.010311809477043948
Karnataka,Kalaburgi,16.8999182,77.0567566,0.09182420820034373
Karnataka,Kodagu,12.3827332,75.6640715,0.03191750552418365
Karnataka,Kolar,13.1805066,78.2669329,0.022587773140191506
Karnataka,Koppal,15.5748238,76.3118494,0.0326540633439725
Karnataka,Mandya,12.6368939,76.7275477,0.17701939602258776
Karnataka,Mangaluru City,12.8698101,74.8430082,0.044193469187331205
Karnataka,Mysuru City,12.3051828,76.6553609,0.08175791799656273
Karnataka,Mysuru District,12.1968318,76.6120468,0.0763564939847778
Karnataka,Raichur,16.0547194,76.9003647,0.11784925116621654
Karnataka,Ramanagara,12.720006,77.3184199,0.08961453474097716
Karnataka,Shimoga,14.0556503,75.2380553,0.16719862509206973
Karnataka,Tumakuru,13.4192512,76.8810004,0.06948195433341517
Karnataka,Udupi,13.5269784,74.8731879,0.056469432850478764
Karnataka,Uttara Kannada,14.7253795,74.6403389,0.06874539651362632
Karnataka,Vijayapura,16.814415,75.8933856,0.08838693837466241
Karnataka,Yadgiri,16.7633571,77.1384994,0.05892462558310827
Kerala,Alapuzha,9.5649344,76.5444815,0.10925607660201325
Kerala,Ernakulam Rural,10.1000756,76.3574874,0.11146575006137982
Kerala,Idukki,9.8154785,76.9991599,0.09943530567149521
Kerala,Kannur,11.8763836,75.3737973,0.13405352320157132
Kerala,Kasargod,12.4914722,74.9877613,0.0869138227350847
Kerala,Kollam Rural,8.9989381,76.7732344,0.12325067517800148
Kerala,Kottayam,9.6287383,76.6455326,0.09231524674686963
Kerala,Kozhikode Rural,11.252788,75.7905332,0.1397004664866192
Kerala,Malappuram,11.1065685,76.1101742,0.24281856125705867
Kerala,Palakkad,10.7873692,76.4742172,0.1532040265160815
Kerala,Pathanamthitta,9.2780841,76.9737443,0.08126687945003683
Kerala,Thrissur Rural,10.5214758,76.1899913,0.1689172600049104
Kerala,Trivandrum Rural,8.6981873,76.8154234,0.2553400441934692
Kerala,Wayanadu,10.8942004,75.927851,0.09329732383992144
Lakshadweep,Lakshadweep,10.8132489,73.6804621,0.00220967345936656
Madhya Pradesh,Agar,23.7913656,77.0768305,0.04566658482690891
Madhya Pradesh,Alirajpur,22.2859525,74.3545628,0.025288485146083967
Madhya Pradesh,Anuppur,23.0346179,81.7510255,0.06579916523447091
Madhya Pradesh,Ashok Nagar,24.5792434,77.7279725,0.09354284311318438
Madhya Pradesh,Balaghat,21.8611589,80.3237105,0.12153204026516082
Madhya Pradesh,Barwani,21.7514248,74.8915957,0.06260741468205254
Madhya Pradesh,Betul,21.8797472,77.8753651,0.1070464031426467
Madhya Pradesh,Bhind,26.3518828,78.6863189,0.10630984532285784
Madhya Pradesh,Bhopal,23.2584857,77.401989,0.2926589737294378
Madhya Pradesh,Burhanpur,21.334867,76.3708803,0.041492757181438744
Madhya Pradesh,Chhatarpur,24.7606089,79.6781776,0.1195678860790572
Madhya Pradesh,Chhindwara,22.2071897,78.798833,0.17063589491775105
Madhya Pradesh,Damoh,23.7981005,79.5419356,0.09108765038055487
Madhya Pradesh,Datia,25.9182947,78.6644962,0.04713970046648662
Madhya Pradesh,Dewas,22.8057498,76.2940408,0.165725509452492
Madhya Pradesh,Dhar,22.5786572,75.2258637,0.13331696538178248
Madhya Pradesh,Dindori,22.9070871,80.8846924,0.06408053032163025
Madhya Pradesh,Guna,24.5001772,77.2600959,0.10336361404370244
Madhya Pradesh,Gwalior,26.2037247,78.1573628,0.2386447336115885
Madhya Pradesh,Harda,22.2427973,77.1179173,0.05155904738521974
Madhya Pradesh,Hoshangabad,22.7545538,77.7198249,0.09403388165971029
Madhya Pradesh,Indore,22.7203616,75.8681996,0.2929044930027007
Madhya Pradesh,Jabalpur,23.1701522,79.9324505,0.24306408053032164
Madhya Pradesh,Jhabua,22.8869652,74.7243249,0.05401424011784925
Madhya Pradesh,Katni,23.7176393,80.2610181,0.10901055732875031
Madhya Pradesh,Khandwa,21.9769779,76.5675344,0.10925607660201325
Madhya Pradesh,Khargone,21.9544729,75.7521248,0.15197643014976675
Madhya Pradesh,Mandla,22.6871074,80.5816341,0.07046403142646698
Madhya Pradesh,Mandsaur,24.2628148,75.385692,0.09305180456665849
Madhya Pradesh,Morena,26.3849794,77.8612721,0.13380800392830838
Madhya Pradesh,Narsinghpur,22.934556,79.0867849,0.10041738276454702
Madhya Pradesh,Neemuch,24.6305517,75.1829,0.05082248956543089
Madhya Pradesh,Panna,24.4498931,80.1462723,0.061870856862263686
Madhya Pradesh,Raisen,23.2675909,78.1727134,0.09820770930518045
Madhya Pradesh,Rajgarh,23.8716707,76.7744703,0.1411735821261969
Madhya Pradesh,Ratlam,23.50222,74.9551534,0.13086177264915297
Madhya Pradesh,Rewa,24.7560846,81.3810574,0.15762337343481464
Madhya Pradesh,Sagar,23.8083076,78.758254,0.23987232997790325
Madhya Pradesh,Satna,24.6954445,80.7770348,0.13749079302725264
Madhya Pradesh,Sehore,23.1150041,77.0665356,0.1291431377363123
Madhya Pradesh,Seoni,22.2748109,79.7202522,0.14436533267861526
Madhya Pradesh,Shahdol,23.3002343,81.364771,0.15615025779523692
Madhya Pradesh,Shajapur,23.4171002,76.6074794,0.059170144856371225
Madhya Pradesh,Sheopur,25.7499267,76.9212945,0.021851215320402653
Madhya Pradesh,Shivpuri,25.3741215,77.8278866,0.12423275227105328
Madhya Pradesh,Sidhi,24.2112687,81.7000415,0.05401424011784925
Madhya Pradesh,Singrauli,24.2431343,82.3827672,0.0844586300024552
Madhya Pradesh,Tikamgarh,24.8552105,79.0472546,0.09477043947949915
Madhya Pradesh,Ujjain,23.1885131,75.7716562,0.21384728701203046
Madhya Pradesh,Umaria,23.6431837,80.9419078,0.041001718634912844
Madhya Pradesh,Vidisha,23.8463004,77.8370209,0.1637613552663884
Maharashtra,Ahmednagar,19.092952,74.7493451,0.23397986741959242
Maharashtra,Akola,20.7618122,77.1921157,0.12005892462558311
Maharashtra,Amravati Rural,21.4564599,78.2268091,0.23275227105327767
Maharashtra,Aurangabad Rural,19.8993677,75.3530128,0.13233488828873066
Maharashtra,Beed,18.9918442,75.909784,0.2020623618954088
Maharashtra,Bhandara,21.1225869,79.794509,0.05524183648416401
Maharashtra,Buldhana,20.562845,76.4086986,0.1392094279400933
Maharashtra,Chandrapur,20.0967555,79.5045475,0.1843849742204763
Maharashtra,Dhule,21.1305215,74.4900614,0.085440707095507
Maharashtra,Gadchiroli,19.7590704,80.1622807,0.030689909157868893
Maharashtra,Gondia,21.455228,80.1962729,0.07021851215320403
Maharashtra,Hingoli,19.5431163,77.1739432,0.05254112447827154
Maharashtra,Jalgaon,20.8428827,75.5261246,0.1824208200343727
Maharashtra,Jalna,19.918833,75.8708599,0.14903019887061134
Maharashtra,Kolhapur,16.7028412,74.2405329,0.15541369997544807
Maharashtra,Latur,18.3553347,76.7548997,0.125705867910631
Maharashtra,Nagpur Rural,21.138207,78.8107311,0.10311809477043948
Maharashtra,Nanded,19.0942729,77.4832628,0.13601767738767492
Maharashtra,Nandurbar,21.5141622,74.5405513,0.03486373680333906
Maharashtra,Navi Mumbai,19.0308262,73.0198537,0.15197643014976675
Maharashtra,Osmanabad,18.2822454,76.0588166,0.08077584090351092
Maharashtra,Palghar,19.757249,73.0931199,0.16965381782469924
Maharashtra,Parbhani,19.2901981,76.6026443,0.1161306162533759
Maharashtra,Pune Rural,18.5435175,73.8220743,0.27449054750797935
Maharashtra,Raigad,18.4928092,73.138071,0.07758409035109257
Maharashtra,Ratnagiri,17.2826079,73.4569787,0.041983795727964644
Maharashtra,Sangli,17.1726928,74.5867654,0.12104100171863491
Maharashtra,Satara,17.6361289,74.2982781,0.18512153204026516
Maharashtra,Sindhudurg,16.1357193,73.6522086,0.022342253866928553
Maharashtra,Wardha,20.8256231,78.6131455,0.10876503805548736
Maharashtra,Washim,20.2874178,77.2369655,0.10434569113675424
Maharashtra,Yavatmal,20.0638677,78.3565663,0.27375398968819054
Manipur,Bishnupur,24.6267287,93.7600454,0.010066290203780998
Manipur,C. I. D.,24.7208818,93.9229386,0.0
Manipur,Chandel,24.3312009,94.0011081,0.0004910385465259023
Manipur,Churachandpur,24.3468839,93.6994143,0.0004910385465259023
Manipur,Imphal East,24.8326698,94.0168859,0.014485637122514118
Manipur,Imphal West,24.7590802,93.8617365,0.025288485146083967
Manipur,Senapati,25.3933697,94.1501773,0.0004910385465259023
Manipur,Tamenglong,24.9858596,93.5039967,0.0
Manipur,Thoubal,24.6386954,93.996871,0.013749079302725264
Manipur,Ukhrul,25.0978641,94.3610713,0.00024551927326295114
Meghalaya,Garo Hills East,25.5,90.5,0.001964154186103609
Meghalaya,Garo Hills North,25.8619841,90.7017705,0.005155904738521974
Meghalaya,Garo Hills South,25.518425,90.1842421,0.001718634912840658
Meghalaya,Garo Hills South West,25.518425,90.1842421,0.004910385465259023
Meghalaya,Garo Hills West,25.5201097,90.2187809,0.014240117849251166
Meghalaya,Jaintia Hills East,25.584894,91.8751504,0.003682789098944267
Meghalaya,Jaintia Hills West,25.2849089,92.1064094,0.004173827645470169
Meghalaya,Khasi Hills East,25.5649963,91.8841484,0.02577952369260987
Meghalaya,Khasi Hills West,25.5399654,91.4721652,0.0027007120058924624
Meghalaya,Ri-Bhoi,25.8764026,91.8567574,0.016204272035354777
Mizoram,Aizawl,23.7277631,92.7179947,0.013749079302725264
Mizoram,Champhai,23.6317319,93.3493185,0.0024551927326295114
Mizoram,Kolasib,24.1905469,92.7136595,0.004664866191996072
Mizoram,Lawngtlai,22.3913377,92.7397189,0.003682789098944267
Mizoram,Lunglei,22.9519972,92.6336207,0.006383501104836729
Mizoram,Mamit,23.7564387,92.4515374,0.0029462312791554137
Mizoram,Saiha,22.2876724,93.01336,0.001964154186103609
Mizoram,Serchhip,23.3052514,92.8455124,0.0029462312791554137
Nagaland,Dimapur,25.9041378,93.7177609,0.014240117849251166
Nagaland,Kiphire,25.8117088,94.8474036,0.0
Nagaland,Kohima,25.6618755,94.1019156,0.004664866191996072
Nagaland,Longleng,26.5839315,94.8045481,0.0
Nagaland,Mokokchung,26.4795861,94.5105275,0.00024551927326295114
Nagaland,Mon,26.666667,95.0,0.0012275963663147557
Nagaland,Peren,25.4499691,93.6001738,0.00024551927326295114
Nagaland,Phek,25.6700924,94.3843925,0.0004910385465259023
Nagaland,Tuensang,26.2342107,94.741553,0.00024551927326295114
Nagaland,Wokha,26.242251,94.1921153,0.0004910385465259023
Nagaland,Zunheboto,26.0123803,94.5123719,0.00024551927326295114
Odisha,Angul,21.102538,84.9536825,0.1502577952369261
Odisha,Balasore,21.5006421,86.919884,0.34446354038792043
Odisha,Baragarh,21.3335004,83.6190492,0.1733366069236435
Odisha,Berhampur,21.4930852,86.6327298,0.11048367296832802
Odisha,Bhadrak,20.9854052,86.5934226,0.16498895163270316
Odisha,Bolangir,20.7502257,83.2499464,0.14485637122514117
Odisha,Boudh,20.6407463,83.9969704,0.058679106309845325
Odisha,Cuttack,20.4686,85.8792,0.05352320157132335
Odisha,Deogarh,21.5370786,84.7301184,0.06064326049594893
Odisha,Dhenkanal,20.8351494,85.6022305,0.18806776331942057
Odisha,Gajapati,19.1966026,84.1930634,0.035109256076602015
Odisha,Ganjam,19.6090068,84.7080633,0.13528111956788608
Odisha,Jagatsinghpur,20.2593872,86.1660878,0.11465750061379819
Odisha,Jajpur,20.8746788,86.1215393,0.17554628038301007
Odisha,Jharsuguda,21.8019368,83.9713964,0.05892462558310827
Odisha,Kalahandi,19.8265757,83.0408702,0.1890498404124724
Odisha,Kandhamal,20.1306939,84.0790476,0.12005892462558311
Odisha,Kendrapara,20.5475164,86.5296168,0.1482936410508225
Odisha,Keonjhar,21.5,85.5,0.15001227596366315
Odisha,Khurda,20.1531141,85.7076331,0.08077584090351092
Odisha,Koraput,18.7232023,82.6100596,0.13356248465504542
Odisha,Malkangiri,18.2744685,81.9520316,0.03977412226859808
Odisha,Mayurbhanj,21.9156338,86.3961824,0.21261969064571568
Odisha,Nabarangpur,19.228896,82.5665715,0.16351583599312547
Odisha,Nayagarh,20.2393682,85.050728,0.0758654554382519
Odisha,Nuapada,20.5412657,82.5292352,0.05769702921679352
Odisha,Puri,19.8076083,85.8252538,0.15590473852197398
Odisha,Rayagada,19.4426698,83.5873053,0.07512889761846304
Odisha,Rourkela,22.2309255,84.8678705,0.12742450282347165
Odisha,Sambalpur,21.5570606,84.1528515,0.13135281119567885
Odisha,Sonepur,20.8453864,83.909083,0.04443898846059416
Odisha,Sundargarh,22.0605153,83.9359154,0.07709305180456666
Puducherry,Karaikal,10.91571,79.8375761,0.0029462312791554137
Puducherry,Puducherry,11.9340568,79.8306447,0.016695310581880677
Punjab,Barnala,30.3716802,75.5039887,0.030935428431131843
Punjab,Batala,31.8193025,75.1999941,0.03584581389639087
Punjab,Bathinda,30.1794814,75.0471098,0.05769702921679352
Punjab,CP Amritsar,31.6356659,74.8787496,0.06113429904247483
Punjab,CP Jalandhar,31.3323762,75.576889,0.08863245764792536
Punjab,CP Ludhiana,30.9090157,75.851601,0.1603240854407071
Punjab,Faridkot,30.6014507,74.7950176,0.022096734593665603
Punjab,Fatehgarh Sahib,30.6634042,76.3803,0.026761600785661675
Punjab,Fazilka,30.3198406,74.1217943,0.04051068008838694
Punjab,Ferozepur,30.6839733,76.3594033,0.03658237171617972
Punjab,Gurdaspur,31.9037264,75.2275587,0.02381536950650626
Punjab,Hoshiarpur,31.6092942,75.8459754,0.07169162779278174
Punjab,Kapurthala,31.3856476,75.3053304,0.036091333169653815
Punjab,Khanna,30.700625,76.2220763,0.029216793518291186
Punjab,Mansa,29.8764133,75.4889564,0.028480235698502332
Punjab,Moga,30.7877554,75.159359,0.032408544070709554
Punjab,Muktsar,30.4692,74.5182,0.028725754971765282
Punjab,Pathankot,32.3021899,75.6589406,0.0321630247974466
Punjab,Patiala,30.2092778,76.3397231,0.10189049840412473
Punjab,Ropar,30.9688367,76.526088,0.027252639332187578
Punjab,SAS Nagar,30.6904366,76.7116208,0.07316474343235944
Punjab,SBS Nagar,30.8260412,75.1989654,0.01767738767493248
Punjab,Sangrur,30.135717,75.8533326,0.05524183648416401
Punjab,Tarn Taran,31.3212453,74.8416687,0.046403142646697766
Rajasthan,Ajmer,26.4691,74.639,0.31991161306162536
Rajasthan,Alwar,27.4140049,76.6170387,0.37613552663884114
Rajasthan,Banswara,23.4915047,74.3502172,0.13356248465504542
Rajasthan,Baran,24.9208165,76.6821985,0.19494230297078322
Rajasthan,Barmer,25.5814853,71.1924922,0.18659464767984288
Rajasthan,Bharatpur,27.0246959,77.2920116,0.296587282101645
Rajasthan,Bhilwara,25.470994,74.6961316,0.291431377363123
Rajasthan,Bikaner,28.0159286,73.3171367,0.1794745887552173
Rajasthan,Bundi,25.4367659,75.7361471,0.15516818070218513
Rajasthan,Chittorgarh,24.7171578,74.4718129,0.2487110238153695
Rajasthan,Churu,28.2047781,74.6912996,0.10508224895654308
Rajasthan,Dausa,26.8048659,76.4437457,0.0844586300024552
Rajasthan,Dholpur,26.7010642,77.896749,0.12374171372452737
Rajasthan,Dungarpur,23.8538893,73.7087177,0.12717898355020868
Rajasthan,Ganganagar,25.9061389,76.4815499,0.31082739995089614
Rajasthan,Hanumangarh,29.3659533,74.298429,0.21335624846550455
Rajasthan,Jaipur East,28.5878849,77.2519283,0.14461085195187823
Rajasthan,Jaipur North,12.9697099,77.6368108,0.12840657991652343
Rajasthan,Jaipur Rural,20.8735288,79.0305108,0.1463294868647189
Rajasthan,Jaipur South,28.5086512,77.1959423,0.10532776822980604
Rajasthan,Jaipur West,26.9178997,75.7529805,0.15664129634176283
Rajasthan,Jaisalmer,27.0264162,70.777512,0.028971274245028236
Rajasthan,Jalore,25.2093482,72.3178889,0.07365578197888534
Rajasthan,Jhalawar,24.3132368,76.5221078,0.2423275227105328
Rajasthan,Jhunjhunu,28.0798944,75.5424211,0.13380800392830838
Rajasthan,Jodhpur East,12.9571357,77.7458193,0.10434569113675424
Rajasthan,Jodhpur Rural,17.743405,83.2323494,0.10189049840412473
Rajasthan,Jodhpur West,22.5022908,88.3575307,0.09526147802602504
Rajasthan,Karauli,26.5158329,77.0565965,0.12275963663147557
Rajasthan,Kota City,25.1737019,75.8574194,0.21065553645961207
Rajasthan,Kota Rural,12.9660423,77.794209,0.11735821261969065
Rajasthan,Nagaur,26.9873443,73.7389011,0.21630247974465996
Rajasthan,Pali,25.4552211,73.419389,0.2347164252393813
Rajasthan,Pratapgarh,24.0232221,74.6250275,0.1814387429413209
Rajasthan,Rajsamand,25.2892459,73.8241077,0.11637613552663884
Rajasthan,Sawai Madhopur,26.2290186,76.3043561,0.13233488828873066
Rajasthan,Sikar,27.6624156,75.0279971,0.17063589491775105
Rajasthan,Sirohi,24.8114047,72.8300257,0.11048367296832802
Rajasthan,Tonk,26.1223198,75.6632235,0.13233488828873066
Rajasthan,Udaipur,24.578721,73.6862571,0.3552663884114903
Sikkim,East,27.5858069,88.1101127,0.009329732383992144
Sikkim,North,27.666667,88.5,0.00024551927326295114
Sikkim,South,27.6922768,88.1540142,0.001964154186103609
Sikkim,West,27.9820852,88.6848163,0.0014731156395777069
Tamil Nadu,Ariyalur,11.1530559,79.2585797,0.008102136017677388
Tamil Nadu,Chennai,13.0836939,80.270186,0.12840657991652343
Tamil Nadu,Coimbatore,11.0018115,76.9628425,0.02356985023324331
Tamil Nadu,Coimbatore City,11.0018115,76.9628425,0.025534004419346917
Tamil Nadu,Cuddalore,11.5202071,79.3396356,0.04812177755953843
Tamil Nadu,Dharmapuri,12.1456131,78.1132217,0.043702430640805305
Tamil Nadu,Dindigul,10.4257161,77.8154728,0.08298551436287749
Tamil Nadu,Erode,11.4905282,77.3505274,0.016940829855143627
Tamil Nadu,Kanchipuram,12.9647163,79.9839686,0.013749079302725264
Tamil Nadu,Kanyakumari,8.079252,77.5499338,0.04051068008838694
Tamil Nadu,Karur,10.8217671,78.3828654,0.015467714215565921
Tamil Nadu,Krishnagiri,12.5152075,78.0093769,0.0432113920942794
Tamil Nadu,Madurai,9.9261153,78.1140983,0.14755708323103364
Tamil Nadu,Madurai City,9.9147463,78.1421636,0.037318929535968576
Tamil Nadu,Nagapattinam,10.6026203,79.7619348,0.027007120058924625
Tamil Nadu,Namakkal,11.3033889,78.118604,0.020869138227350845
Tamil Nadu,Nilgiris,11.4449997,76.69752,0.011293886570095753
Tamil Nadu,Perambalur,11.2902641,78.9300404,0.012521482936410509
Tamil Nadu,Pudukottai,10.3826515,78.8191259,0.016204272035354777
Tamil Nadu,Ramnathapuram,9.5,78.5,0.03412717898355021
Tamil Nadu,Salem,11.6469616,78.2106958,0.06211637613552664
Tamil Nadu,Salem City,11.6551982,78.1581771,0.015222194942302971
Tamil Nadu,Sivagangai,9.9650599,78.7204283,0.050576970292167935
Tamil Nadu,Thanjavur,10.659037,79.2014278,0.03142646697765775
Tamil Nadu,Theni,9.8692558,77.4222974,0.03584581389639087
Tamil Nadu,Thirunelveli,12.9363749,80.1310537,0.07095506997299288
Tamil Nadu,Thirunelveli City,8.5495014,77.5805178,0.009084213110729192
Tamil Nadu,Thiruvallur,13.2537619,80.0562572,0.008347655290940338
Tamil Nadu,Thiruvannamalai,9.539867,77.6197904,0.03142646697765775
Tamil Nadu,Thiruvarur,10.6878621,79.4979437,0.019150503314510188
Tamil Nadu,Thoothukudi,8.8457035,77.9938178,0.0432113920942794
Tamil Nadu,Tiruppur,10.7915267,77.5325466,0.020623618954087895
Tamil Nadu,Tiruppur City,11.1017815,77.345192,0.009329732383992144
Tamil Nadu,Trichy,10.8071144,78.6880939,0.02995335133808004
Tamil Nadu,Trichy City,12.7078793,79.9776906,0.015713233488828873
Tamil Nadu,Vellore,12.9021849,79.061104,0.04394794991406825
Tamil Nadu,Villupuram,11.9398285,79.4945645,0.09157868892708078
Tamil Nadu,Virudhunagar,9.4926289,77.8631831,0.046894181193223666
Telangana,Adilabad,19.6759452,78.5339895,0.23397986741959242
Telangana,Cyberabad,17.4508058,78.3834535,0.7350847041492757
Telangana,Hyderabad City,17.4534764,78.3943669,0.5904738521973975
Telangana,Karimnagar,18.4348122,79.1328042,0.3837466241099926
Telangana,Khammam,17.2465351,80.1500326,0.34299042474834274
Telangana,Mahaboob Nagar,16.3744335,78.033719,0.2627056223913577
Telangana,Medak,17.9375095,78.211745,0.2501841394549472
Telangana,Nalgonda,17.0504406,79.2669235,0.3763810459121041
Telangana,Nizamabad,18.6731912,78.0978195,0.19125951387183893
Telangana,Ranga Reddy,17.1333954,78.3970979,0.07218266633930763
Telangana,Warangal City,17.9820644,79.5970954,0.12423275227105328
Telangana,Warangal Rural,17.98459,79.59942,0.14903019887061134
Tripura,Dhalai,23.8253158,91.9732227,0.029462312791554136
Tripura,Gomati,23.4987407,91.2999111,0.04296587282101645
Tripura,Kowai,23.9563913,91.642107,0.024060888779769214
Tripura,North,24.0921476,92.2451214,0.03879204517554628
Tripura,Sipahijala,23.5307446,91.3015654,0.041001718634912844
Tripura,South,23.1708278,91.638817,0.04517554628038301
Tripura,Unakoti,24.1909849,92.0460483,0.013994598575988216
Tripura,West,23.9153329,91.3879341,0.07561993616498895
Uttar Pradesh,Agra,27.1752554,78.0098161,0.29069481954333415
Uttar Pradesh,Aligarh,27.8761073,78.1358153,0.2342253866928554
Uttar Pradesh,Allahabad,25.4381302,81.8338005,0.23201571323348882
Uttar Pradesh,Ambedkar Nagar,26.4045941,82.6065154,0.06358949177510434
Uttar Pradesh,Amethi,26.346274,81.6252039,0.0638350110483673
Uttar Pradesh,Amroha,28.7952632,78.3436244,0.10974711514853916
Uttar Pradesh,Auraiya,26.6558215,79.5160757,0.11834028971274245
Uttar Pradesh,Azamgarh,26.023639,83.0293105,0.1085195187822244
Uttar Pradesh,Badaun,28.0649367,79.043832,0.1436287748588264
Uttar Pradesh,Baghpat,29.0374779,77.3062737,0.10459121041001719
Uttar Pradesh,Bahraich,27.7343823,81.47654,0.12005892462558311
Uttar Pradesh,Ballia,25.8749595,84.1210329,0.07169162779278174
Uttar Pradesh,Balrampur,27.4476988,82.3956245,0.025534004419346917
Uttar Pradesh,Banda,25.4438537,80.5595237,0.0763564939847778
Uttar Pradesh,Barabanki,26.9421406,81.3856087,0.0633439725018414
Uttar Pradesh,Bareilly,28.4582345,79.4047452,0.2501841394549472
Uttar Pradesh,Basti,26.8387083,82.5350919,0.04493002700712006
Uttar Pradesh,Bhadohi,25.424304,82.4883923,0.027007120058924625
Uttar Pradesh,Bijnor,29.4074203,78.4821406,0.18217530076110974
Uttar Pradesh,Bulandshahar,28.5242541,77.5995188,0.2251411735821262
Uttar Pradesh,Chandoli,25.125695,83.2494601,0.06457156886815615
Uttar Pradesh,Chitrakoot,25.217139,81.1045927,0.0422293150012276
Uttar Pradesh,Deoria,26.4239911,83.7638578,0.07561993616498895
Uttar Pradesh,Etah,27.5550357,78.5992221,0.08347655290940338
Uttar Pradesh,Etawah,26.7155629,79.0917098,0.11735821261969065
Uttar Pradesh,Faizabad,26.7807986,82.1486589,0.07660201325804075
Uttar Pradesh,Fatehgarh,27.3700748,79.620752,0.08715934200834766
Uttar Pradesh,Fatehpur,25.8348023,80.9154547,0.11686717407316474
Uttar Pradesh,Firozabad,27.1941954,78.4604956,0.16646206727228088
Uttar Pradesh,Gautambudh Nagar,28.368716,77.5970121,0.1281610606432605
Uttar Pradesh,Ghaziabad,28.7749966,77.4586967,0.326540633439725
Uttar Pradesh,Ghazipur,25.6034863,83.5075888,0.10974711514853916
Uttar Pradesh,Gonda,27.1103723,81.9238906,0.05622391357721581
Uttar Pradesh,Gorakhpur,26.6677977,83.3642334,0.16253375890007365
Uttar Pradesh,Hamirpur,25.75,80.0,0.09477043947949915
Uttar Pradesh,Hapur,28.7166767,77.890433,0.07070955069972992
Uttar Pradesh,Hardoi,27.3369978,80.0998232,0.11981340535232016
Uttar Pradesh,Hathras,27.5724324,78.1116209,0.08053032163024798
Uttar Pradesh,Jalaun,26.1048633,79.3919136,0.04026516081512399
Uttar Pradesh,Jaunpur,25.7967065,82.4888992,0.07169162779278174
Uttar Pradesh,Jhansi,25.529855,78.6527802,0.13552663884114902
Uttar Pradesh,Kannauj,26.9986675,79.6927946,0.06972747360667812
Uttar Pradesh,Kanpur Dehat,26.4585639,79.8548052,0.11588509698011294
Uttar Pradesh,Kanpur Nagar,26.4410107,80.2652803,0.3226123250675178
Uttar Pradesh,Kasganj,27.7888527,78.8229701,0.05769702921679352
Uttar Pradesh,Kaushambi,25.5342456,81.4493567,0.09968082494475816
Uttar Pradesh,Khiri,28.116667,80.716667,0.12153204026516082
Uttar Pradesh,Kushi Nagar,26.7438272,83.9162322,0.085440707095507
Uttar Pradesh,Lalitpur,24.6999688,78.51862,0.03756444880923152
Uttar Pradesh,Lucknow,26.8381,80.9346001,0.43260495948931993
Uttar Pradesh,Maharajganj,26.4710847,81.1807046,0.05524183648416401
Uttar Pradesh,Mahoba,25.3615938,79.706011,0.05990670267616008
Uttar Pradesh,Mainpuri,27.2093072,79.0625369,0.08175791799656273
Uttar Pradesh,Mathura,27.4955539,77.6855554,0.14657500613798183
Uttar Pradesh,Mau,26.0390905,83.4985846,0.04763073901301252
Uttar Pradesh,Meerut,29.0018557,77.7679671,0.21090105573287504
Uttar Pradesh,Mirzapur,24.9316896,82.6280163,0.02356985023324331
Uttar Pradesh,Moradabad,28.8796553,78.8095335,0.20770930518045666
Uttar Pradesh,Muzaffarnagar,29.4496979,77.7429333,0.14043702430640806
Uttar Pradesh,Pilibhit,28.4947158,80.1076122,0.0964890743923398
Uttar Pradesh,Pratapgarh,25.75,81.75,0.13405352320157132
Uttar Pradesh,Raibareilly,26.25,81.25,0.07561993616498895
Uttar Pradesh,Rampur,28.7934728,79.1845806,0.10581880677633194
Uttar Pradesh,Saharanpur,29.9856799,77.5040646,0.15737785416155167
Uttar Pradesh,Sambhal,28.4271928,78.5564546,0.10459121041001719
Uttar Pradesh,Sant Kabirnagar,26.755082,83.0398545,0.03412717898355021
Uttar Pradesh,Shahjahanpur,27.9128583,79.7476254,0.1161306162533759
Uttar Pradesh,Shamli,29.4811508,77.2901344,0.055978394303952864
Uttar Pradesh,Shrawasti,27.5083429,82.0263569,0.033881659710287254
Uttar Pradesh,Sidharthnagar,27.2511724,82.8716528,0.05131352811195679
Uttar Pradesh,Sitapur,27.5026748,80.8335139,0.14903019887061134
Uttar Pradesh,Sonbhadra,24.4148159,83.0637517,0.0316719862509207
Uttar Pradesh,Sultanpur,26.2604732,82.2380532,0.08617726491529586
Uttar Pradesh,Unnao,26.5673264,80.6198193,0.17775595384237663
Uttar Pradesh,Varanasi,25.3356491,83.0076292,0.18364841640068746
Uttarakhand,Almora,29.702651,79.4326318,0.008102136017677388
Uttarakhand,Bageshwar,30.0087902,79.9280183,0.007611097471151486
Uttarakhand,Chamoli,30.4985956,79.6190537,0.00859317456420329
Uttarakhand,Champawat,29.235032,80.1023068,0.003437269825681316
Uttarakhand,Dehradun,30.3255646,78.0436813,0.08421311072919224
Uttarakhand,Haridwar,29.9384473,78.1452985,0.08151239872329978
Uttarakhand,Nainital,29.294995,79.4162511,0.033881659710287254
Uttarakhand,Pauri Garhwal,29.8473168,78.7070479,0.011784925116621655
Uttarakhand,Pithoragarh,29.585871,80.215167,0.005155904738521974
Uttarakhand,Rudra Prayag,30.4915835,79.0366067,0.001964154186103609
Uttarakhand,Tehri Garhwal,30.4658181,78.4837349,0.007611097471151486
Uttarakhand,Udhamsingh Nagar,29.0478314,79.4326164,0.09378836238644733
Uttarakhand,Uttarkashi,30.9635733,78.6362521,0.009084213110729192
West Bengal,Alipurduar,26.4851573,89.5246926,0.13577215811441198
West Bengal,Bankura,23.132377,87.2081925,0.15050331451018906
West Bengal,Barrackpur PC,22.9634491,88.4257149,0.4267124969310091
West Bengal,Bidhannagar PC,22.590425,88.41692,0.13061625337589
West Bengal,Birbhum,24.0621532,87.6982823,0.12472379081757919
West Bengal,Burdwan,23.2495714,87.8681751,0.3194205745150994
West Bengal,Coochbehar,26.340623,89.4812163,0.2870120304443899
West Bengal,Dakshin Dinajpur,25.385807,88.5063362,0.13798183157377855
West Bengal,Darjeeling,27.0377554,88.263176,0.09918978639823225
West Bengal,Hooghly,22.9099402,88.0120825,0.41173582126196906
West Bengal,Howrah PC,22.5736296,88.3251045,0.20942794009329732
West Bengal,Jalpaiguri,26.6262805,88.7334485,0.18757672477289467
West Bengal,Kolkata,22.5726459,88.3638953,0.47115148539160323
West Bengal,Malda,25.0057449,88.1398483,0.2884851460839676
West Bengal,Murshidabad,24.1745993,88.2721335,0.7326295114166462
West Bengal,Nadia,23.4847374,88.5567067,0.5723054259759391
West Bengal,North 24 Parganas,22.6926815,88.6625795,0.6604468450773385
West Bengal,Paschim Medinipur,22.3600119,87.4111505,0.40584335870365823
West Bengal,Purulia,23.2020967,86.3228988,0.13208936901546772
West Bengal,Siliguri PC,26.7164127,88.4309916,0.2342253866928554
West Bengal,South 24 Parganas,22.1776733,88.5307853,1.0
West Bengal,Uttar Dinajpur,25.8721428,87.961986,0.19666093788362388
